car_full_nm,horsepower_bhp,rpm_horsepower_measure_point,torque_lb_ft,car_0_60_time_seconds,engine_size_cc,engine_size_cat,engine_size_ci,top_speed_mph,top_speed_kph,horsepower_per_ton_bhp,year,decade,make_nm,car_weight_tons,torque_per_ton
BMW i8 Hybrid - [2013],228,3000,236,4.3,1499,1,487.7,255,410,594.9,2012,2010s,Bugatti,1.990250462,555.7089527
Radical SR3 1.5 16V - [2001],252,0,158,3.8,1500,1,387.3,273,439,946.4,2008,2000s,SSC,1.25,875.2
Alfa-Romeo 4C 1.8 Turbo - [2013],240,6000,258,4.4,1742,1,307,273,439,794.3,2012,2010s,Koenigsegg,1.415082463,625.4052491
Lotus 2-Eleven 1.8 Supercharged - [2007],252,8000,178,3.8,1796,1,244,256,411,832,2009,2000s,Porsche,1.346153846,574.9714286
Lotus Exige 240 R - [2005],243,8000,174,3.9,1796,1,307,261,420,766.5,2011,2010s,Koenigsegg,1.435094586,616.6840909
Caterham 7 Superlight R500 - [2000],230,8600,155,3.4,1796,1,376,260,418,844.2,2010,2010s,Hennessey,1.220090026,796.6625243
Lotus Exige S 1.8 Supercharged - [2006],218,7800,159,4.1,1796,1,307,249,400,718,2013,2010s,Koenigsegg,1.415041783,573.1279528
Lotus Elise SC 1.8 - [2007],217,8000,156,4.4,1796,1,292.9,254,408,784.3,2008,2000s,Koenigsegg,1.280122402,621.8155378
Caterham 7 Superlight R400 - [2003],200,7500,155,3.9,1796,1,487.7,252,405,530.1,2005,2000s,Bugatti,1.888322958,488.2639361
Lotus 340 R - [2000],190,7800,146,4.5,1796,1,244,255,410,680.6,2008,2000s,Porsche,1.450191008,490.2802432
Lotus Elise 1.8 S2 Sport 190 - [2003],190,7800,128,4.7,1796,1,381.8,249,400,735.8,2005,2000s,SSC,1.234030987,624.7817181
Caterham 7 Superlight R300 - [2003],160,7000,130,4.7,1796,1,286.8,242,389,696.1,2010,2010s,Koenigsegg,1.290044534,628.6604677
Morgan 3 Wheeler 2.0l V-Twin - [2011],115,4500,103,4.5,1976,1,471.7,240,386,822.4,2000,2000s,TVR,1.070038911,607.4545455
Audi A3 S3 2.0 Turbo S-Tronic - [2012],296,5500,280,4.7,1984,1,286.8,242,389,655.2,2005,2000s,Koenigsegg,1.23015873,551.1483871
KTM X-Bow R 2.0 Turbo - [2011],295,5500,295,3.6,1984,1,286.8,241,387,683,2006,2000s,Koenigsegg,1.180087848,574.5334988
KTM X-Bow R 2.0 Turbo - [2013],295,6300,295,3.9,1984,1,471.7,210,337,800,1997,1990s,TVR,1,650
KTM X-Bow GT 2.0 Turbo - [2013],281,6400,310,4,1984,1,382.1,227,365,628.6,2013,2010s,Ferrari,1.25517022,411.0996198
Mercedes A Class 45 AMG 2.0 Turbo - [2013],355,6000,332,4.6,1991,1,254,205,329,654.4,2012,2010s,Gumpert,1.175122249,577.8122237
Mercedes CLA 45 AMG 2.0 Turbo - [2013],355,6000,332,4.5,1991,1,446.2,220,354,460.1,2011,2010s,Aston-Martin,1.630080417,339.2470667
Subaru Impreza WRX STI Type RA Spec C - Blobeye - [2003],335,7000,280,4.3,1994,1,286.6,234,376,826.9,1996,1990s,Ferrari,0.907002056,423.3728
Subaru Impreza WRX STI R205 Spec C - Hatch - [2010],315,6400,318,3.7,1994,1,254,224,360,616.6,2009,2000s,Gumpert,1.200129744,553.2735135
Subaru Impreza WRX STI S206 - [2011],315,6400,318,4.5,1994,1,396.5,221,355,510.3,2013,2010s,Lamborghini,1.450127376,351.0036486
Subaru Impreza S201 STI - [2000],295,6500,260,4.7,1994,1,396.5,221,355,496.6,2013,2010s,Lamborghini,1.490132904,341.5802703
Subaru Impreza P1 - Classic - [2000],276,6500,260,4.7,1994,1,382.1,211,339,478.6,2012,2010s,Ferrari,1.525282073,333.7087671
Subaru Impreza WRX - Classic (JDM) - [1996],276,6500,242,4.7,1994,1,231.8,217,349,521.1,2013,2010s,McLaren,1.395125696,380.6108666
Subaru Impreza WRX Type RA - Classic (JDM) - [1996],276,6500,242,4.5,1994,1,361.6,235,378,496.2,1995,1990s,Ford,1.451027811,454.85
Subaru Impreza WRX - Classic (JDM) - [1997],276,6500,260,4.7,1994,1,396.5,217,349,450.7,2013,2010s,Lamborghini,1.575327269,323.1074648
Subaru Impreza WRX STI V3 - Classic (JDM) - [1996],276,6500,253,4.5,1994,1,364.9,230,370,518.5,2013,2010s,Pagani,1.350048216,548.1285714
Subaru Impreza WRX STI V4 - Classic (JDM) - [1997],276,6500,260,4.7,1994,1,396.5,217,349,438,2011,2010s,Lamborghini,1.575342466,323.1043478
Subaru Impreza WRX STI V3 V-Limited - Classic (JDM) - [1997],276,6500,253,4.7,1994,1,396.5,217,349,424.6,2013,2010s,Lamborghini,1.625058879,313.2194203
Subaru Impreza WRX STI V3 Type R - JDM - Classic - [1997],276,6500,253,4.7,1994,1,444.9,217,349,560.3,2008,2000s,Pagani,1.210066036,475.1806785
Subaru Impreza WRX STI V5 V-Limited - Classic (JDM) - [1998],276,6500,260,4.7,1994,1,366,208,334,392.9,2011,2010s,Ferrari,1.705268516,267.9929851
Subaru Impreza WRX STI V5 Type RA - JDM - Classic - [1998],276,6500,260,4.7,1994,1,354.6,202,325,378.9,2012,2010s,Ford,1.74716284,361.1569486
Subaru Impreza WRX STI V5 Type R - JDM - Classic - [1998],276,6500,260,4.7,1994,1,396.4,190,305,391.1,2009,2000s,Lamborghini,1.690104833,288.1478064
Subaru Impreza WRX - Classic (JDM) - [1999],276,6500,250,4.7,1994,1,364.9,199,320,353.4,2008,2000s,Mercedes,1.870401811,394.5676248
Subaru Impreza WRX STI V6 - Classic (JDM) - [1999],276,6500,250,4.7,1994,1,366,208,334,411.8,2010,2010s,Ferrari,1.60514813,284.7089259
Subaru Impreza WRX STI V6 Type RA - JDM - Classic - [1999],276,6500,250,4.7,1994,1,366,217,349,476.1,2002,2000s,Ferrari,1.365259399,355.2438462
Subaru Impreza WRX Type RA - Classic (JDM) - [1994],256,6500,228,4.7,1994,1,382.1,211,339,363.1,2011,2010s,Ferrari,1.790140457,281.5421538
Subaru Impreza WRX STI V1 - Classic (JDM) - [1994],247,6500,228,4.7,1994,1,270.8,225,362,520,2009,2000s,Noble,1.25,483.2
Subaru Impreza WRX STI V1 - Classic (JDM) Wagon - [1994],247,6500,228,4.6,1994,1,396.4,211,339,384.9,2007,2000s,Lamborghini,1.665367628,292.4279251
Mitsubishi Lancer Evo VIII MR FQ 400 - [2004],405,6400,350,3.4,1997,1,331.9,217,349,394.2,2009,2000s,Mercedes,1.626078133,372.0608424
Mitsubishi Lancer Evo IX FQ 360 - [2006],366,6887,363,3.9,1997,1,331.9,209,336,371.8,2006,2000s,Mercedes,1.724045186,350.9188768
Mitsubishi Lancer Evo VIII MR FQ 340 - [2003],345,6750,320,4.4,1997,1,254,223,358,436.6,2005,2000s,Gumpert,1.468163078,427.0642746
Mitsubishi Lancer Evo IX FQ 320 - [2005],326,6700,305,4.4,1997,1,331.9,208,334,366.2,2008,2000s,Mercedes,1.750409612,345.6333853
Mitsubishi Lancer Evo VI GSR - [2000],276,6500,275,4.4,1997,1,231.8,207,333,481.9,2014,2010s,McLaren,1.330151484,375.8970359
Mitsubishi Lancer Evo VI Tommi Makinen - [2000],276,6500,275,4.3,1997,1,231.8,207,333,457.8,2014,2010s,McLaren,1.400174749,357.0982839
Mitsubishi Lancer Evo V GSR - [1998],276,6500,275,4.7,1997,1,376,205,329,423,2007,2000s,Chevrolet,1.508274232,400.4576803
Mitsubishi Lancer Evo IV RS - [1996],276,6500,260,4.3,1997,1,376,205,329,416.9,2009,2000s,Chevrolet,1.530343008,395.9896552
Mitsubishi Lancer Evo III - [1995],266,6250,228,4.5,1997,1,396.4,211,339,378.9,2006,2000s,Lamborghini,1.665347057,292.4315372
Mitsubishi Lancer Evo X FQ 400 - [2009],403,6500,387,3.6,1998,1,370,240,386,550,1994,1990s,McLaren,1.14,421.0526316
Ariel Atom 300 Supercharged - [1999],300,8200,162,3.3,1998,1,366,206,331,269.8,2014,2010s,Bentley,2.320237213,260.7492013
Ariel Atom Mugen - [2012],270,8300,188,2.9,1998,1,301.4,215,346,488.2,2006,2000s,Ascari,1.280213027,322.60256
Westfield Sport 2000S - [2004],250,7500,192,3.2,1998,1,402.2,155,249,263.9,2013,2010s,Rolls-Royce,2.360742706,249.9213483
Caterham Super 7 JPE - [1992],250,7750,186,3.5,1998,1,378.8,196,315,401.2,2012,2010s,Mercedes,1.550348953,301.8675241
Caterham 7 620 R 2.0 L Supercharged - [2013],311,7700,219,2.8,1999,1,366,205,329,429.7,2004,2000s,Maserati,1.445194322,332.8272142
Caterham 7 Superlight R500 - [2009],263,8500,177,2.9,1999,1,366,204,328,270.5,2010,2010s,Bentley,2.295748614,256.9967794
Caterham 7 485 2.0L - [2013],237,8500,152,3.3,1999,1,366,204,328,277.2,2009,2000s,Bentley,2.24025974,263.3623188
Caterham 7 Superlight R400 - [2006],210,7800,152,3.8,1999,1,364.9,155,249,318.4,2012,2010s,Mercedes,1.950376884,378.3884058
BAC Mono 280bhp - [2011],280,7700,207,2.8,2261,1,364.9,155,249,269.4,2013,2010s,Mercedes,2.305122494,320.1565217
Caterham 7 CSR 260 - [2005],260,7500,200,3.9,2261,1,364.9,155,249,272.9,2010,2010s,Mercedes,2.275558813,324.315942
Caterham 7 RST-V8 Levante - [2008],500,10000,300,2.9,2400,1,331.9,208,334,381.3,2003,2000s,Mercedes,1.61814844,355.3444084
Caparo T1 2.4 V8 - [2006],480,10500,311,2.5,2408,1,331.9,206,331,338,2009,2000s,Mercedes,1.825443787,314.9918963
Subaru Impreza STI CS 400 - Cosworth - Hatch - [2010],395,5750,400,3.7,2457,1,364.1,206,331,396.9,2007,2000s,Chevrolet,1.552028219,374.9931818
Subaru Impreza WRX STI 330S - Hatch - [2008],325,5400,347,4.6,2457,1,366,205,329,265.5,2012,2010s,Bentley,2.320150659,254.2938312
Audi TT RS+ 2.5 Turbo - [2012],355,5500,343,4.3,2480,1,231.8,204,328,417.9,2012,2010s,McLaren,1.474036851,300.5352273
Audi A3 RS3 Sportback 2.5 Turbo - [2010],335,5400,332,4.6,2480,1,231.8,207,333,429.5,2012,2010s,McLaren,1.434225844,308.8774351
Nissan Skyline R34 GTR - [1999],276,6800,289,4.6,2569,1,366,202,325,246.8,2013,2010s,Bentley,2.495948136,236.3831169
Noble M12 GTO 2.6 V6 Turbo - [2001],310,6000,320,3.9,2595,1,364.9,155,249,283.9,2003,2000s,Mercedes,2.155688623,342.35
Mazda RX7 Type-R Bathurst - [2002],276,6500,232,4.7,2616,1,420.9,200,321,396.3,1998,1990s,Mercedes,1.544284633,367.8078431
Audi A4 RS4 Avant 2.7T Quattro V6 - [2000],376,7000,325,4.7,2671,1,366,205,329,361.9,2006,2000s,Ferrari,1.688311688,265.3538462
Porsche 959 Turbo - [1987],450,6500,369,3.7,2849,1,349.8,205,329,442.7,2003,2000s,Porsche,1.380167156,315.1792144
Ferrari F40 2.9 V8 - [1987],477,7000,426,3.8,2936,1,219.6,205,329,445.9,2010,2010s,Porsche,1.370262391,376.5702128
Noble M400 3.0 V6 - [2004],425,6500,390,3.5,2968,1,331.9,202,325,319.8,2005,2000s,Fisker,1.907442151,340.7704918
Noble M12 GTO 3R - [2003],352,6200,350,3.9,2968,1,364.9,155,249,284.9,2008,2000s,Mercedes,2.12004212,348.1062914
BMW 3 Series M3 F80 - [2013],425,5500,406,4.2,2979,1,364.9,155,249,286.2,2004,2000s,Mercedes,2.110412299,349.694702
BMW 4 Series M4 - [2013],425,5500,406,4.2,2979,1,366,200,321,242.2,2009,2000s,Bentley,2.485549133,222.4860465
Maserati Ghibli S Q4 3.0 V6 Turbo - [2013],404,5500,406,4.7,2979,1,366,200,321,243.2,2008,2000s,Bentley,2.475328947,223.4046512
Maserati Ghibli S 3.0 V6 Turbo - [2013],404,5500,406,4.7,2979,1,317.5,202,325,423.3,2014,2010s,Lamborghini,1.422159225,290.4034884
Porsche 968 3.0 Turbo S - [1993],301,5400,369,4.7,2990,2,362.3,200,321,375,2009,2000s,Aston-Martin,1.6,318.125
BMW 5 Series M550d xDrive F10 - [2013],375,4000,546,4.5,2993,2,325.9,200,321,304.5,1998,1990s,Aston-Martin,1.97044335,304.5
Ariel Atom V8 500 - [2008],475,10500,284,2.3,3000,2,366,202,325,255.3,2007,2000s,Bentley,2.350176263,235.3015
Honda NSX R 3.2 V6 - [2002],290,7300,224,4.6,3179,2,366,203,326,266.6,2008,2000s,Bentley,2.250562641,245.7163333
Porsche 911 Ruf CTR Yellow Bird - [1987],469,5950,408,4.1,3366,2,511.5,202,325,386.5,2007,2000s,Dodge,1.552393273,360.7333333
Porsche 911 Carrera 996 - [1997],296,6800,258,4.6,3387,2,280.2,211,339,365.8,2013,2010s,Porsche,1.640240569,238.3796667
Porsche Boxster GTS - [2014],335,7400,280,4.7,3436,2,274.4,210,337,462.7,2013,2010s,Ferrari,1.290252864,308.4666667
Porsche Boxster GTS PDK - [2014],335,7400,280,4.6,3436,2,444.9,214,344,482.9,2005,2000s,Pagani,1.230068337,467.4537037
Porsche Cayman GTS 3.4L - [2014],335,7400,280,4.6,3436,2,213.4,217,349,417.4,1992,1990s,Bugatti,1.418303785,331.3817568
Porsche Cayman GTS PDK 3.4L - [2014],335,7400,280,4.5,3436,2,231.8,205,329,412.8,2011,2010s,McLaren,1.434108527,308.9027027
Jaguar D Type 3.4L - [1954],250,6000,242,4.7,3442,2,378.8,199,320,359.8,2012,2010s,Mercedes,1.620344636,295.6161235
Lotus Evora GTE 3.5 V6 - [2012],470,7500,369,3.8,3456,2,378.8,199,320,336,2012,2010s,Mercedes,1.735119048,276.0617496
Lotus Exige S 3.5 V6 Roadster - [2012],345,7000,295,3.9,3456,2,365.6,210,337,417.2,2001,2000s,Lamborghini,1.395014382,338.3477663
Lotus Exige S 3.5 V6 - [2012],345,7000,295,3.9,3456,2,376,184,296,305.2,2011,2010s,Chevrolet,1.900393185,292.5710345
Lotus Evora S IPS 3.5 V8 - [2011],345,7000,295,4.6,3456,2,333.2,155,249,250.3,2014,2010s,Mercedes,2.30523372,288.040208
Caparo T1 3.5l V8 - [2007],575,10500,310,2.5,3494,2,376,155,249,306.2,2013,2010s,Vauxhall-Opel,1.881123449,292.3784722
Nissan R390 3.5L V8 - [1997],550,6800,470,3.8,3495,2,213.2,204,328,1045.4,2007,2000s,Caparo,0.550028697,563.6069565
Ferrari 355 F1 Berlinetta - [1997],375,8250,268,4.7,3496,2,331.9,186,299,311.9,2006,2000s,Mercedes,1.84033344,320.5940767
Bugatti EB110 SuperSport - [1992],592,8250,470,3.4,3498,2,331.9,199,320,328.3,2004,2000s,Mercedes,1.748400853,337.4512195
Jaguar XJ 220 - [1991],507,7200,472,3.6,3498,2,304.5,155,249,282.4,2008,2000s,Audi,2.025495751,236.4853147
Lotus Esprit S4 3.5 V8 Turbo - [1996],350,6500,295,4.6,3506,2,304.5,155,249,282.4,2007,2000s,Audi,2.025495751,236.4853147
AC Cobra 212 S/C - [2001],350,6500,295,4,3506,2,377.8,205,329,346,2001,2000s,Lamborghini,1.650289017,290.2521891
Ferrari 360 Challenge Stradale - [2003],425,8500,275,4,3586,2,268.2,155,249,291.5,2013,2010s,BMW,1.945111492,258.0828924
Ferrari 360 Modena F1 - [1999],400,8500,275,4.3,3586,2,362.1,183,294,324.8,2012,2010s,Aston-Martin,1.73953202,262.7143363
Porsche 911 GT2 RS 997 - [2010],611,6500,516,3.5,3600,2,362.1,205,329,339.3,2013,2010s,Aston-Martin,1.665193045,274.4426549
Porsche 911 GT2 997 - [2007],530,6500,502,3.4,3600,2,378.8,197,317,347.5,2009,2000s,Mercedes,1.620143885,295.6527531
Porsche 911 GT2 996 - [2004],475,5700,457,4,3600,2,293.2,202,325,380.4,2011,2010s,Lexus,1.48002103,239.1857904
Porsche 911 Turbo 997 - [2006],472,6000,457,4,3600,2,402.2,155,249,231.2,2009,2000s,Rolls-Royce,2.435121107,236.1278863
Porsche 911 GT2 996 - [2000],459,5700,457,3.6,3600,2,274.5,202,325,378.4,2009,2000s,Ferrari,1.485200846,267.9772242
Porsche 911 Turbo S 993 - [1998],444,6000,431,3.9,3600,2,317.5,199,320,419.4,2011,2010s,Lamborghini,1.340009537,297.0128114
Porsche 911 Turbo S 996 - [2004],444,6000,457,4.1,3600,2,274.5,199,320,393,2011,2010s,Ferrari,1.430025445,278.316726
Porsche 911 GT2 993 - [1995],430,5750,398,3.6,3600,2,317.5,201,323,378.4,2013,2010s,Lamborghini,1.485200846,267.9772242
Porsche 911 Turbo 996 - [2000],420,6000,413,3.9,3600,2,333.2,155,249,286.3,2013,2010s,Mercedes,1.945511701,272.9359066
Porsche 911 GT3 997 - [2007],414,7600,299,4.3,3600,2,376,175,281,285.7,2009,2000s,Cadillac,1.946097305,283.1307554
Porsche 911 GT3 RS 997 - [2006],409,7600,298,4.2,3600,2,333.2,186,299,301.3,2012,2010s,Mercedes,1.845336874,359.8258993
Porsche 911 Turbo 993 - [1995],408,5750,398,3.9,3600,2,444.9,200,321,433.5,2003,2000s,Pagani,1.280276817,431.9378378
Porsche 911 GT3 996 - [2003],381,7400,284,4.5,3600,2,366,198,318,231.4,2003,2000s,Bentley,2.385479689,200.7981884
Porsche 911 GT3 RS 996 - [2003],375,7400,284,4.4,3600,2,366,195,313,221.2,2005,2000s,Bentley,2.495479204,191.9471014
TVR Tamora 3.6 - [2002],350,7200,290,4.2,3600,2,317.5,202,325,368,2008,2000s,Lamborghini,1.5,265.3333333
Porsche Macan 3.6 Turbo - [2013],395,6000,406,4.7,3605,2,268.2,155,249,283.8,2011,2010s,BMW,1.945031712,258.0934783
TVR T350 T 3.6 - [2004],318,3500,290,4.4,3605,2,268.2,155,249,286.7,2012,2010s,BMW,1.925357517,260.7307971
Nissan 370Z Nismo - [2009],350,7400,276,4.5,3696,2,317.5,197,317,321.8,2011,2010s,Audi,1.71535115,232.0224638
McLaren P1 3.8 V8 Hybrid - [2013],727,7500,531,2.9,3799,2,317.5,199,320,361.9,2011,2010s,Audi,1.525283227,260.9351449
McLaren 650S 3.8 V8 Twin Turbo - [2014],641,7250,500,3,3799,2,243.6,190,305,280.2,2012,2010s,Audi,1.970021413,261.926087
McLaren 650S Spider 3.8 V8 Twin Turbo - [2014],641,7250,500,3.1,3799,2,268.2,155,249,283,2012,2010s,BMW,1.950530035,257.365942
McLaren MP4-12C 3.8 V8 Twin Turbo Spider - [2012],616,7500,443,3,3799,2,268.2,155,249,268.6,2012,2010s,BMW,2.055100521,244.2702899
McLaren MP4-12C 3.8L V8 Twin Turbo - [2012],616,7500,443,3,3799,2,243.6,155,249,276,2013,2010s,Audi,2,258
McLaren MP4-12C 3.8L V8 Twin Turbo - [2011],592,7000,443,3.3,3799,2,231.8,198,318,328.5,2013,2010s,Porsche,1.680365297,329.0951087
Nissan Skyline GTR R35 - [2012],542,6400,466,2.9,3799,2,235.2,196,315,339.6,2014,2010s,Ferrari,1.625441696,342.676087
Maserati Quattroporte 3.8 V8 - [2012],523,6500,524,4.5,3799,2,325.8,191,307,286.4,1993,1990s,Aston-Martin,1.920391061,285.8792727
Nissan Skyline GT-R Spec V - [2009],478,6400,447,3.4,3799,2,330,190,305,357.6,2003,2000s,Ford,1.53803132,325.0909091
Porsche 911 Turbo S 991 - [2013],552,6500,553,3.1,3800,2,365.6,200,321,338.4,2000,2000s,Lamborghini,1.625295508,281.1796364
Porsche 911 Turbo S 997 - [2010],523,6250,516,3.1,3800,2,427,240,386,441,2000,2000s,Saleen,1.247165533,420.9545455
Porsche 911 Turbo 991 - [2013],513,6000,487,3.4,3800,2,213.2,196,315,500.9,1997,1990s,Nissan,1.098023558,428.0418182
Porsche 911 Turbo 997 - [2009],493,6000,479,3.6,3800,2,330,162,260,317.3,2010,2010s,Ford,1.733375355,294.2236364
Nissan Skyline R35 GTR - [2007],473,6400,433,3.5,3800,2,333.2,155,249,281.3,2012,2010s,Mercedes,1.955207963,301.7581818
Porsche 911 GT3 3.8 991 - [2013],468,8250,325,3.5,3800,2,333.2,155,249,298.1,2013,2010s,Mercedes,1.84501845,287.802
Porsche 911 3.8 Speedster - [2010],402,7300,310,4.4,3800,2,444.9,220,354,437.6,2002,2000s,Pagani,1.25,442.4
Porsche 911 50 Years 911 Edition - [2013],395,7400,325,4.5,3800,2,268.2,155,249,229.8,2009,2000s,BMW,2.380330722,210.895064
Porsche 911 Carrera 4S 991 - [2012],395,7400,325,4.4,3800,2,268.2,155,249,229.8,2013,2010s,BMW,2.380330722,210.895064
Porsche 911 Carrera 4S Cabriolet 991 - [2012],395,7400,325,4.6,3800,2,365.6,208,334,334.1,2000,2000s,Lamborghini,1.625261898,281.1854512
Porsche 911 Carrera S 991 - [2011],395,7400,325,4.4,3800,2,305.1,186,299,309.1,2011,2010s,Jaguar,1.753477839,286.2881919
Porsche 911 Carrera S Cabriolet 991 - [2011],395,7400,325,4.6,3800,2,305.1,186,299,286.6,2012,2010s,Jaguar,1.891137474,265.4487085
Porsche 911 Carrera 4 S PDK 991 - [2012],395,7400,325,4.2,3800,2,317.5,198,318,329.4,2012,2010s,Audi,1.645415908,241.8841328
Porsche 911 Carrera S PDK 991 - [2011],395,7400,325,4.2,3800,2,231.8,197,317,313.2,2012,2010s,Nissan,1.730523627,269.2826568
Ferrari California T 3.9 V8 Turbo - [2014],552,7500,557,3.5,3855,2,317.5,198,318,356.5,2011,2010s,Lamborghini,1.520336606,261.7841328
Bentley Continental GT V8 - [2012],500,6000,487,4.6,3883,2,293.2,176,283,244.6,2013,2010s,Porsche,2.215862633,249.5642066
Audi A6 RS6 Avant 4.0 V8 Twin Turbo - [2012],552,5700,516,3.7,3993,2,293.2,190,305,271.6,2011,2010s,Porsche,1.995581738,295.6531365
Audi A7 RS7 Sportback Twin Turbo - [2013],552,5700,516,4.1,3993,2,305.1,186,299,328.4,2013,2010s,Jaguar,1.650426309,304.1638376
Bentley Continental V8 S - [2013],521,6000,502,4.3,3993,2,317.5,197,317,324.5,2012,2010s,Audi,1.670261941,238.2859779
Audi A8 S8 4.0 V8 Turbo - [2012],520,6000,479,4,3993,2,364.4,155,249,238.6,2012,2010s,BMW,2.250628667,245.7091248
Audi A8 S8 4.0 V8 Turbo - [2011],513,5800,479,4.2,3993,2,350.7,199,320,289.6,2004,2000s,Ferrari,1.840469613,235.8093809
Audi A8 S8 4.0 V8 Turbo - [2013],512,5800,479,4,3993,2,219.6,204,328,356.6,2007,2000s,Porsche,1.486259114,337.7607547
Audi A8 4.0 V8 TFSI Quattro - [2013],429,5100,443,4.4,3993,2,333.2,155,249,287.2,2012,2010s,Mercedes,1.8454039,319.7132075
Porsche 911 GT3 4.0 997 - [2011],493,8250,339,3.8,3996,2,231.8,191,307,264.8,2012,2010s,Maserati,1.975075529,265.3063098
TVR Sagaris 4.0 - [2003],400,7000,349,3.9,3996,2,231.8,196,315,329.9,2010,2010s,Porsche,1.585328888,325.4845124
TVR Tuscan S 4.0 - [2001],390,0,310,3.9,3996,2,302.7,196,315,367.6,2007,2000s,Lamborghini,1.420021763,264.7846743
BMW 3 Series M3 GTR E46 - [2001],345,7250,269,3.6,3997,2,243.6,192,308,227,2013,2010s,Bentley,2.295154185,218.7216891
BMW 3 Series M3 Coupe Frozen Edition E92 - [2010],443,8400,310,4.4,3999,2,286.6,202,325,422.7,1995,1990s,Ferrari,1.230186894,282.0709615
Porsche 9FF GT9R - [2009],1120,7850,774,2.9,4000,3,243.6,155,249,263.2,2012,2010s,Audi,1.975683891,242.4476923
Porsche 9FF GT9 - [2008],987,7850,711,3,4000,3,348.2,210,337,359.3,1994,1990s,Lamborghini,1.447258558,295.7315385
Audi A8 4.2 TDi Quattro - [2013],380,3750,627,4.6,4134,3,317.5,196,315,319.7,2009,2000s,Audi,1.620269002,241.3179537
Gumpert Apollo Enraged 4.2 V8 Turbo - [2012],769,6000,679,2.9,4163,3,378.8,155,249,250.2,2006,2000s,Mercedes,2.070343725,224.6003861
Gumpert Apollo S 4.2 V8 Twin Turbo - [2009],740,6000,664,3,4163,3,333.2,155,249,264.9,2012,2010s,Mercedes,1.955454889,263.8772201
Gumpert Apollo 4.2L V8 Twin Turbo - [2005],641,6500,627,3,4163,3,317.5,194,312,300.2,2009,2000s,Audi,1.725516322,226.5988417
Audi A5 RS5 4.2 Quattro - [2010],444,8250,317,4.5,4163,3,317.5,193,310,284.6,2012,2010s,Audi,1.820098384,214.8235521
Audi A4 RS4 Avant 4.2L V8 - [2012],444,8250,317,4.6,4163,3,378.8,155,249,262.9,2008,2000s,Mercedes,1.970330924,236.0009653
Audi A5 RS5 4.2 V8 Cabriolet - [2012],444,8250,317,4.6,4163,3,378.8,155,249,242,2009,2000s,Mercedes,2.140495868,217.2393822
Audi R8 4.2 V8 S-Tronic FSI Quattro - [2012],424,7900,317,4.2,4163,3,302.7,196,315,337.5,2003,2000s,Lamborghini,1.52,247.3684211
Audi R8 Spyder 4.2 V8 FSI Quattro S-Tronic - [2012],424,7900,317,4.4,4163,3,302.7,195,313,326.7,2005,2000s,Lamborghini,1.570247934,239.4526316
Audi R8 4.2 FSI Quattro V8 - [2006],414,7800,317,4.3,4163,3,243.6,155,249,250.2,2011,2010s,Audi,2.050359712,233.6175439
Audi A4 RS4 4.2 V8 - [2005],414,7800,317,4.6,4163,3,231.8,196,315,307.1,2013,2010s,Porsche,1.670465646,291.5354776
Audi A4 RS4 Avant 4.2 V8 - [2006],414,7800,317,4.6,4163,3,293.2,190,305,259.8,2013,2010s,Porsche,1.970746728,261.8296875
Audi A6 RS6 Avant 4.2 V8 Twin Turbo - [2002],444,5700,413,4.6,4172,3,243.6,155,249,247.9,2013,2010s,Audi,2.065348931,231.9220703
TVR Cerbera 4.2 - [1996],360,6500,320,4,4185,3,362.1,191,307,300.8,2007,2000s,Aston-Martin,1.695478723,247.7176471
TVR Griffith 4.3 - [1992],280,5500,305,4.1,4280,3,362.1,190,305,303.5,2012,2010s,Aston-Martin,1.680395387,249.9411765
Ferrari California 4.3 V8 - [2008],453,7750,358,3.9,4287,3,362.1,190,305,289.7,2012,2010s,Aston-Martin,1.760441836,238.5764706
Ferrari California 30 F1 4.3l V8 - [2012],483,7750,372,3.8,4297,3,362.1,183,294,285.7,2012,2010s,Aston-Martin,1.785089254,256.0096078
Ferrari 430 Scuderia - [2007],503,8500,347,3.5,4308,3,378.8,186,299,298.2,2011,2010s,Mercedes,1.710261569,267.2105882
Ferrari F430 4.3 V8 - [2004],483,8500,343,3.9,4308,3,350.7,202,325,293.6,2002,2000s,Ferrari,1.730245232,250.8314961
Ferrari F430 4.3 V8 Spider - [2005],483,8500,343,4.1,4308,3,213.4,220,354,325,1991,1990s,Jaguar,1.56,302.5641026
BMW 3 Series M3 E92 GTS - [2010],444,8300,325,4.3,4361,3,378.8,155,249,266.1,2006,2000s,Mercedes,1.90529876,244.056213
BMW 3 Series M3 CRT E90 - [2011],444,8300,325,4.3,4361,3,427.8,198,318,355.6,2006,2000s,Chevrolet,1.420134983,330.9544554
BMW 5 Series M5 Competition Pack F10 - [2013],567,6000,502,4.1,4395,3,336.4,155,249,231.1,2006,2000s,Mercedes,2.185201212,280.0657426
BMW 5 Series M5 F10 - [2011],552,6000,502,4.4,4395,3,262.8,198,318,372.5,2007,2000s,Ferrari,1.35033557,256.973161
BMW 6 Series M6 4.4 V8 F13 - [2012],552,6000,502,4.1,4395,3,305.1,155,249,265.9,2009,2000s,Jaguar,1.891688605,243.6976143
BMW 6 Series M6 Gran Coupe 4.4 V8 - [2012],552,6000,502,4.1,4395,3,305.1,155,249,286.9,2009,2000s,Jaguar,1.75322412,262.9441352
BMW 6 Series M6 Cabriolet 4.4 V8 - [2012],552,6000,502,4.2,4395,3,305.1,155,249,265.8,2009,2000s,Jaguar,1.892400301,243.6059642
BMW X5 M Sport 4.4 V8 - [2009],547,6000,502,4.7,4395,3,345.7,180,289,279,2002,2000s,Holden,1.799283154,253.9900398
BMW X6 M 4.4 V8 Turbo E71 - [2013],547,6000,502,4.5,4395,3,301.5,200,321,400,2003,2000s,Ascari,1.25,294.4
BMW 5 Series 550i GT xDrive F07 - [2013],444,5500,479,4.6,4395,3,362.1,186,299,285.7,2009,2000s,Audi,1.750087504,421.1218
BMW 5 Series 550i xDrive F10 - [2013],444,5500,479,4.3,4395,3,268.3,195,313,290.6,2006,2000s,BMW,1.720578114,299.8992
BMW Alpina B5 V8 Switchtronic E60 - [2006],500,0,516,4.7,4398,3,305,155,249,273.2,2004,2000s,BMW,1.830161054,209.8176
Noble M600 4.4L V8 - [2009],650,6800,604,3.5,4439,3,330,170,273,281.2,2006,2000s,Ford,1.778093883,269.952
TVR Cerbera 4.5 - [1997],420,6750,380,3.9,4475,3,305,193,310,362.3,2009,2000s,Wiesmann,1.380071764,277.5218
Ferrari 458 Speciale 4.5 V8 - [2013],597,9000,398,3,4497,3,384.3,155,249,243.3,2012,2010s,Audi,2.055076038,224.3226
Ferrari 458 4.5 V8 - [2009],562,9000,398,3.4,4499,3,236.9,188,302,217.8,2012,2010s,Bentley,2.295684114,212.1372
Ferrari 458 Spider 4.5 V8 - [2011],562,9000,398,3.3,4499,3,378.8,186,299,284,2007,2000s,Mercedes,1.76056338,264.12
Porsche 918 Spyder 4.6 V8 - [2013],600,8600,391,2.8,4593,3,505.5,190,305,323.4,2005,2000s,Dodge,1.546072975,339.57
Alfa-Romeo 8C Competitzione - [2008],450,7000,354,4.2,4691,3,378.8,174,280,289,2013,2010s,Mercedes,1.730103806,260.1
Alfa-Romeo 8C Competitzione Spider - [2008],444,7000,347,4.3,4691,3,378.8,174,280,278.5,2013,2010s,Mercedes,1.795332136,250.65
Alfa-Romeo Disco Volante 4.7 V8 - [2013],444,7000,347,4.1,4691,3,378.8,174,280,289,2013,2010s,Mercedes,1.730103806,260.1
Ferrari F50 GT1 4.7l V12 - [1996],750,10500,384,2.9,4698,3,505.5,195,313,328.2,2003,2000s,Dodge,1.523461304,344.61
Ferrari F50 4.7 V12 - [1995],520,8000,347,3.7,4698,3,146.4,150,241,961.5,2008,2000s,Caterham,0.520020801,576.9
Koenigsegg Agera 4.7L V8 - [2010],898,6850,811,3.1,4700,3,293.2,171,275,209.7,2007,2000s,Porsche,2.355746304,219.0388664
Koenigsegg CCR 4.7 V8 Supercharged - [2005],806,6900,678,3.8,4700,3,293.2,188,302,250.2,2009,2000s,Porsche,1.970423661,261.8726166
Koenigsegg CCX 4.7 V8 Supercharged - [2006],806,6900,678,3.2,4700,3,243.8,193,310,343.5,2011,2010s,Porsche,1.435225619,236.1997972
Aston-Martin Vantage V8 SP10 - [2013],430,7300,361,4.4,4735,3,231.8,194,312,309,2009,2000s,Porsche,1.595469256,300.2251521
Morgan Aeromax 4.8 V8 - [2008],362,6300,370,4.2,4799,3,331.9,155,249,258.5,2005,2000s,Fisker,1.907156673,270.5598377
Wiesmann GT MF4 - [2008],362,6300,361,4.6,4799,3,305.1,186,299,293,2012,2010s,Jaguar,1.66552901,276.7889344
Morgan Aero Coupe 4.8L V8 - [2011],362,6300,361,4.2,4799,3,334,199,320,282.6,1997,1990s,Ferrari,1.716206653,241.8123711
Koenigsegg CCX R Special Edition 4.8 V8 S - [2008],1004,7000,796,2.9,4800,3,262.8,196,315,336.5,2004,2000s,Ferrari,1.435364042,238.9637681
Lexus LFA Nurburgring - [2011],563,8700,354,3.7,4805,3,262.8,193,310,320.9,2005,2000s,Ferrari,1.505141789,227.8855072
Porsche Cayenne 4.8 V8 Turbo S - [2013],542,6000,553,4.3,4806,3,262.2,193,310,278.3,2012,2010s,Ferrari,1.73553719,214.3428571
Porsche Panamera 4.8 V8 Turbo S - [2011],542,6000,590,3.7,4806,3,146.9,200,321,1021.2,2006,2000s,Caparo,0.470035253,661.6525
Porsche Panamera Turbo 4.8 V8 - [2013],512,6000,516,4,4806,3,231.8,193,310,267,2009,2000s,Nissan,1.790262172,249.6841004
Porsche Cayenne 4.8 Turbo - [2007],494,6000,516,4.7,4806,3,179.1,201,323,433.6,1987,1980s,Ferrari,1.100092251,387.2402516
Porsche Panamera 4.8 V8 Turbo PDK - [2009],493,6000,516,4.2,4806,3,331.9,155,249,247.9,2006,2000s,Mercedes,1.920129084,268.7319328
Porsche Panamera GTS 4.8 V8 - [2013],434,6700,384,4.3,4806,3,219.6,198,318,334.5,2004,2000s,Porsche,1.420029895,321.8242105
Porsche Panamera GTS 4.8 V8 - [2011],424,6700,384,4.4,4806,3,183,170,273,863.6,2008,2000s,Ariel,0.550023159,516.3418947
Ascari A10 5.0 V8 - [2006],625,7500,413,2.8,4940,3,378.8,155,249,270,2006,2000s,Mercedes,1.755555556,264.8734177
Ascari KZ1 5.0 V8 - [2003],500,7000,368,4.1,4941,3,231.8,192,308,271.8,2007,2000s,Nissan,1.740250184,248.8147992
Ford Mustang Boss 302 - [2010],444,7400,380,3.9,4951,3,219.6,193,310,297.7,2006,2000s,Porsche,1.585488747,288.2391949
Lamborghini Gallardo 5.0 V10 Superleggera - [2007],522,8000,376,3.8,4961,3,210.8,170,273,368.3,2012,2010s,Lotus,1.276133587,289.1546809
Lamborghini Gallardo 5.0 V10 - [2003],513,7800,376,4.3,4961,3,391.1,167,268,248.5,2010,2010s,Dodge,1.891348089,248.5
Lamborghini Gallardo 5.0 V10 Spyder - [2005],513,8000,376,4.2,4961,3,331.9,155,249,266.4,2003,2000s,Mercedes,1.760510511,293.0968017
TVR Chimaera 5.0 - [1993],320,5200,320,4.1,4988,3,205.4,211,339,340.1,1987,1980s,Porsche,1.379006175,295.8652452
TVR Griffith 500 - [1993],320,5500,320,4.1,4988,3,331.9,155,249,239.8,2001,2000s,Mercedes,1.955796497,263.8311301
Audi A6 RS6 5.0 TFSI V10 - [2008],572,6250,479,4.6,4991,3,231.8,196,315,327.2,2013,2010s,Porsche,1.430317848,227.2222222
Audi A6 RS6 Avant 5.0 V10 - [2007],572,6250,479,4.4,4991,3,219.6,196,315,318.7,2000,2000s,Porsche,1.440225918,317.311329
Ford Mustang FR 500 - [1999],415,6800,365,4.5,4997,3,261.6,193,310,261,2008,2000s,Ferrari,1.735632184,206.2649007
TVR Chimaera 500 5.0L V8 - [2001],320,5500,320,4.1,4997,3,378.8,155,249,260.6,2007,2000s,Mercedes,1.730621642,255.9773836
BMW 5 Series M5 V10 4d SMG E60 - [2004],500,7750,384,4.7,4999,3,286.2,181,291,283.9,2008,2000s,Alfa-Romeo,1.585065164,223.3346667
Wiesmann GT MF5 - [2009],500,7750,383,3.9,4999,3,362.1,195,313,247.2,2000,2000s,Aston-Martin,1.82038835,225.2266667
Jaguar XK R-S 5.0 V8 - [2011],542,6500,502,4.2,5000,4,487.3,190,305,293.9,1996,1990s,Dodge,1.531133038,320.0244444
Jaguar XF R-S 5.0 V8 - [2012],542,6500,502,4.4,5000,4,173.8,197,317,310.1,1987,1980s,Porsche,1.451144792,254.282
Jaguar XK R-S GT 5.0 V8 - [2013],542,6500,502,3.9,5000,4,315.3,185,297,300.6,1985,1980s,Lamborghini,1.490352628,247.5924107
Jaguar XF R 5.0 V8 Supercharged - [2009],503,6500,461,4.7,5000,4,254,155,249,257.3,2010,2010s,Audi,1.725612126,183.7029279
Jaguar XK R 5.0 Supercharged - [2009],503,6000,461,4.6,5000,4,266.1,193,310,276.6,2010,2010s,BMW,1.605206074,202.4662162
Jaguar XJ V8 SuperSport - [2009],503,6000,461,4.7,5000,4,219.6,184,296,296,1998,1990s,Porsche,1.5,287.3333333
Jaguar F Type 5.0L V8 S Cabriolet - [2012],488,6500,461,4.2,5000,4,254,174,280,237.4,2012,2010s,Audi,1.870261163,169.495045
Koenigsegg Agera R 5.0 V8 - [2012],1124,7100,885,2.9,5032,4,266.1,180,289,268.2,2011,2010s,BMW,1.655480984,196.3175676
Koenigsegg Agera 5L V8 - [2011],1100,2700,885,2.9,5032,4,302.1,155,249,269.5,2010,2010s,Ford,1.647495362,230.6531532
Koenigsegg Agera S 5.0 V8 Hundra - [2013],1016,7100,811,2.8,5032,4,254.5,155,249,238,2002,2000s,Audi,1.865546218,221.3828829
Lamborghini Countach LP5000S QV - [1985],448,7000,369,4.6,5167,4,254,155,249,240,2012,2010s,Audi,1.85,171.3513514
Lamborghini Huracan LP 610-4 - [2014],602,8250,413,3.1,5204,4,286.2,180,289,269,2008,2000s,Alfa-Romeo,1.650557621,210.231982
Lamborghini Gallardo LP570-4 Super Trofeo Stradale - [2011],562,8000,398,3.3,5204,4,286.2,181,291,277.5,2013,2010s,Alfa-Romeo,1.6,216.875
Lamborghini Gallardo LP570-4 Spyder Performante Edizione - [2013],562,8000,398,3.8,5204,4,219.6,191,307,266.6,2004,2000s,Porsche,1.665416354,274.4058559
Lamborghini Gallardo LP560-4 - [2008],552,8000,398,3.2,5204,4,268.2,155,249,200.4,2013,2010s,BMW,2.215568862,216.1972973
Audi R8 Spyder GT 5.2L V10 - [2011],552,8000,398,3.7,5204,4,268.2,155,249,227.1,2013,2010s,BMW,1.955085865,245.002027
Audi R8 GT 5.2L V10 - [2011],552,8000,398,3.5,5204,4,244,155,249,264.4,2010,2010s,BMW,1.675491679,185.020316
Audi R8 Plus 5.2 V10 - [2012],542,8000,398,3.6,5204,4,376,190,305,291.4,2007,2000s,Chevrolet,1.49622512,286.053211
Lamborghini Gallardo LP550-2 Spyder - [2011],542,8000,398,4.1,5204,4,293.2,179,288,225.4,2013,2010s,Porsche,1.925465839,199.4322581
Audi R8 Plus S-Tronic 5.2 V10 - [2012],542,8000,398,3.5,5204,4,288.9,187,300,267,2013,2010s,Aston-Martin,1.610486891,224.155814
Audi R8 5.2 FSI Quattro V10 - [2009],518,8000,391,3.9,5204,4,219.6,183,294,353.9,1995,1990s,Porsche,1.215032495,327.5632558
Audi R8 Spyder 5.2L V10 - [2009],518,8000,391,4,5204,4,243.6,155,249,215,2013,2010s,Audi,1.995348837,222.016317
Audi R8 5.2 V10 Spyder - [2012],518,8000,391,3.5,5204,4,218.8,186,299,332,2003,2000s,Ferrari,1.280120482,214.8235294
Aston-Martin Vantage V8 550 - [1993],550,6500,549,4.6,5340,4,181.1,173,278,400.9,2004,2000s,Noble,1.060114742,367.8847059
Aston-Martin Vantage 600 - [1998],600,6700,600,4.3,5341,4,181.7,155,249,266.4,2013,2010s,BMW,1.595345345,254.4903529
Ford GT 5.4 V8 - [2003],550,6500,500,3.8,5409,4,181.7,155,249,270.3,2013,2010s,BMW,1.572327044,258.216
Ford Mustang GT 500 - [2010],550,6200,510,4.1,5409,4,293.2,179,288,220.8,2011,2010s,Porsche,1.920289855,199.9698113
Ford Mustang Shelby GT500 - [2006],500,6000,480,4,5409,4,254,186,299,255.4,2012,2010s,Audi,1.660140955,190.9476415
Mercedes SLR Class McLaren Stirling Moss - [2009],641,6500,605,3.4,5439,4,254,186,299,240.9,2012,2010s,Audi,1.760066418,180.1068396
Mercedes SLR Class McLaren 722 Edition - [2006],641,6500,605,3.6,5439,4,219.6,190,305,271.1,2000,2000s,Porsche,1.549243821,266.5816667
Mercedes SLR Class McLaren 722 S Roadster - [2008],641,6500,605,3.6,5439,4,273,195,313,381.8,1997,1990s,TVR,1.100052383,345.4380952
Mercedes SLR Class McLaren - [2003],617,6500,575,3.8,5439,4,304.9,168,270,255,1999,1990s,Ford,1.62745098,224.2771084
Mercedes SLR Class McLaren Roadster - [2009],617,6500,575,3.8,5439,4,254,187,300,265.3,2006,2000s,Audi,1.56049755,203.1403382
Fisker Tramonto 5.4 V8 Performance Plus - [2005],610,5800,650,3.6,5439,4,219.6,181,291,296.7,2007,2000s,Porsche,1.395348837,214.2833333
Mercedes CLK DTM Cabriolet - [2006],574,6100,590,3.9,5439,4,254,155,249,250.9,2005,2000s,Audi,1.650059785,192.1142512
Mercedes CLK DTM AMG 5.4 V8 - [2004],574,6100,590,3.9,5439,4,254,155,249,242.1,2006,2000s,Audi,1.710037175,185.376087
Fisker Tramonto 5.4 V8 - [2005],493,6100,516,4.5,5439,4,349.7,181,291,258,1995,1990s,Chevrolet,1.593023256,241.6788321
Mercedes CLS Class 55 AMG - [2006],476,6100,516,4.5,5439,4,427.1,165,265,357.4,1966,1960s,AC,1.147174035,420.1629268
Mercedes E Class 55K AMG - [2003],469,6100,516,4.5,5439,4,219.6,193,310,297.4,2006,2000s,Porsche,1.375252186,216.6875306
Mercedes SL Class 55 AMG V8 R230 - [2001],469,6100,516,4.7,5439,4,219.6,180,289,271.6,1995,1990s,Porsche,1.502209131,264.9431373
Mercedes S Class 63 Coupe 4Matic - [2014],577,5500,664,3.8,5461,4,121.8,175,281,287.2,2004,2000s,Mitsubishi,1.410167131,248.1975309
Mercedes CLS Class 63 AMG 4Matic - [2013],557,5500,531,3.6,5461,4,181.7,176,283,216,2013,2010s,Maserati,1.87037037,217.0693069
Mercedes SL Class 63 AMG Performance Package - [2012],556,5500,664,4.1,5461,4,181.7,177,284,223.2,2013,2010s,Maserati,1.810035842,224.3049505
Mercedes CLS Class 63 AMG Shooting Brake PP - [2012],550,5250,590,4,5461,4,121.9,155,249,258.3,2009,2000s,Mitsubishi,1.560201316,248.0449132
Mercedes E Class 63 AMG - [2013],550,5500,531,4.1,5461,4,376,155,249,220.2,2008,2000s,Pontiac,1.825613079,220.2
Mercedes SL Class 63 AMG V8 - [2012],530,5500,590,4.2,5461,4,231.8,190,305,261,2010,2010s,Porsche,1.540229885,201.2686567
Mercedes CLS Class 63 AMG Shooting Brake - [2012],518,5250,516,4.3,5461,4,488,168,270,262.8,1992,1990s,Dodge,1.522070015,295.65
Ferrari 550 Maranello - [1997],485,7000,415,4.3,5474,4,218.8,183,294,287.7,1999,1990s,Ferrari,1.390337157,197.79375
Mercedes CL Class 600 Coupe Bi Turbo - [2006],505,6000,612,4.5,5513,4,243.8,185,297,371,2003,2000s,TVR,1.078167116,323.6975
Holden HSV GTS Supercharger - [2002],502,6050,457,4.5,5665,4,149.9,155,249,262.4,2010,2010s,Subaru,1.505335366,265.721519
Ultima GTR 5.7 - [2000],345,5600,350,3.3,5666,4,231.8,186,299,280.1,2013,2010s,Porsche,1.410210639,230.4620253
Lamborghini Diablo SE 5.7 V12 - [1994],520,7100,428,4,5707,4,231.8,186,299,273.3,2012,2010s,Porsche,1.445298207,224.8670886
Chevrolet Corvette C4 ZR1 - [1995],411,5800,385,4.7,5732,4,231.8,184,296,260.7,2012,2010s,Porsche,1.515151515,214.5
Porsche Carrera GT - [2003],611,8000,435,3.9,5733,4,231.8,189,304,268.7,2011,2010s,Porsche,1.470040938,221.0822785
Ferrari 612 Scaglietti F1 - [2004],533,7250,434,4.3,5748,4,231.8,187,300,269.6,2011,2010s,Porsche,1.465133531,221.8227848
Ferrari 575 M Fiorano - [2002],508,7250,434,4.2,5748,4,231.8,185,297,269.6,2012,2010s,Porsche,1.465133531,221.8227848
Ford Mustang Shelby GT500 - [2012],662,6500,631,3.7,5812,4,231.8,188,302,265.1,2011,2010s,Porsche,1.490003772,218.1202532
Ford GT 90 6.0L V12 - [1995],720,6600,660,3.1,5927,4,219.9,165,265,205.1,2013,2010s,Porsche,1.92588981,210.8116456
Audi R8 6.0 Quattro V12 TDI - [2009],500,4500,737,4.2,5934,4,243.8,195,313,354.5,2001,2000s,TVR,1.100141044,281.7820513
Aston-Martin Vanquish 5.9 V12 - [2012],565,6750,457,4,5935,4,454.2,180,289,242.2,1970,1970s,Iso,1.610239472,310.5128205
Aston-Martin Vantage V12 S - [2013],565,6750,457,3.7,5935,4,425.5,174,280,302.3,1973,1970s,Monteverdi,1.290109163,334.8553846
Aston-Martin DBS V12 2d - [2007],510,6500,420,4.2,5935,4,425.5,180,289,302.3,1970,1970s,Monteverdi,1.290109163,334.8553846
Aston-Martin Vantage V12 Zagato - [2012],510,6500,420,4.1,5935,4,219.6,190,305,276,2003,2000s,Porsche,1.380434783,205.7322835
Aston-Martin Vantage V12 Roadster - [2012],510,6500,420,4.4,5935,4,252.2,155,249,179.6,2013,2010s,Audi,2.115812918,296.34
Aston-Martin DB9 5.9 V12 - [2012],510,6500,457,4.5,5935,4,162.9,155,249,232,2000,2000s,Audi,1.620689655,200.5319149
Aston-Martin Vanquish 5.9 V12 - [2000],450,6000,410,4.4,5935,4,213.3,183,294,281.5,1997,1990s,Ferrari,1.332149201,201.1786667
Aston-Martin Vanquish 5.9 V12 RS - [2009],600,6250,509,4,5938,4,219.6,190,305,277.7,2003,2000s,Porsche,1.350378106,210.3114667
Chevrolet Corvette Callaway C16 - [2007],616,6200,582,3.8,5967,4,182.6,155,249,191.8,2013,2010s,BMW,1.955161627,279.2608
BMW 7 Series 760 Li - [2012],537,5250,553,4.5,5972,4,121.8,157,252,261.4,2006,2000s,Mitsubishi,1.400153022,259.257377
Pagani Huayra 6.0L Twin turbo - [2013],700,6300,740,3.5,5980,4,292.8,170,273,306.7,2008,2000s,Morgan,1.180306488,313.4779006
Mercedes SL Class 65 AMG V12 Black Series R230 - [2008],661,5400,738,3.7,5980,4,292.8,174,280,289.6,2008,2000s,Wiesmann,1.25,288.8
Mercedes SL Class 65 AMG V12 - [2012],621,4800,738,3.9,5980,4,292.8,170,273,308,2011,2010s,Morgan,1.175324675,307.1491713
Mercedes S Class 65 AMG - [2013],621,4800,738,4.2,5980,4,255.3,185,297,305.8,1996,1990s,TVR,1.177240026,271.8222222
Mercedes S Class 65 AMG - [2010],621,4800,738,4.3,5980,4,151.3,174,280,232.7,2012,2010s,Audi,1.525569403,224.8340845
Mercedes CL Class 65 AMG Bi Turbo - [2003],612,6500,738,4.3,5980,4,121.4,155,249,228.2,2013,2010s,Mercedes,1.555652936,213.4152113
Mercedes SL Class 65 AMG V12 R230 - [2008],604,4800,738,4.1,5980,4,121.4,155,249,223.9,2013,2010s,Mercedes,1.585529254,209.3938028
Mercedes SL Class 65 AMG V12 R230 - [2004],604,4800,738,3.9,5980,4,181.1,170,273,325.9,2003,2000s,Noble,1.080085916,324.0482955
Lamborghini Diablo GTR 6.0L V12 - [2001],582,7300,472,3.4,5992,4,213.9,172,276,253.9,1996,1990s,Lotus,1.378495471,214.0014286
Lamborghini Diablo 6.0 V12 - [2000],550,7100,457,3.8,5992,4,219.6,175,281,330.1,2002,2000s,TVR,1.060284762,273.5114286
Lamborghini Diablo VT 6.0L V12 - [2000],543,7100,457,3.9,5992,4,225.5,155,249,233.8,2009,2000s,Nissan,1.497005988,184.368
Ferrari Enzo 6.0 V12 - [2002],650,7800,485,3.5,5998,4,213.9,155,249,388.8,2001,2000s,AC,0.900205761,327.7028571
Bentley Continental GT Speed 6.0 W12 - [2014],626,6000,605,4,5998,4,121.8,157,252,246.4,2003,2000s,Mitsubishi,1.400162338,228.5449275
Maserati MC12 6.0 V12 - [2004],621,7500,481,3.8,5998,4,345.7,157,252,355.6,2000,2000s,Ultima,0.970191226,360.7536232
Bentley Continental SuperSports Flying Star - [2010],621,6000,590,3.8,5998,4,210.8,145,233,313.6,2012,2010s,Lotus,1.100127551,268.1507246
Bentley Continental SuperSports 6.0 W12 - [2009],621,6000,590,3.8,5998,4,210.8,170,273,319.4,2012,2010s,Lotus,1.080150282,273.1101449
Bentley Continental GT Speed - [2012],616,6000,590,4,5998,4,243.9,155,249,255.5,2001,2000s,BMW,1.350293542,199.215942
Bentley Continental GT Speed Convertible 6.0 W12 - [2013],616,6000,590,4.1,5998,4,210.8,172,276,239.2,2011,2010s,Lotus,1.442307692,204.5333333
Bentley Continental GTC Speed - [2009],602,6000,553,4.5,5998,4,121.6,160,257,242.7,2003,2000s,Subaru,1.380304903,202.8537313
Bentley Continental Flying Spur Speed 6.0 W12 - [2008],602,6000,553,4.5,5998,4,151.3,155,249,203,2010,2010s,Audi,1.650246305,201.1820896
Bentley Continental GT Speed 2d Auto - [2007],600,6000,553,4.3,5998,4,209.6,175,281,249,2014,2010s,Porsche,1.345381526,208.119403
Bentley Continental GTZ Zagato 6.0 W12 2d - [2008],600,6000,553,4.5,5998,4,209.6,173,278,243.6,2014,2010s,Porsche,1.375205255,203.6059701
Bentley Continental GT 6.0 2d W12 - [2003],552,6100,479,4.7,5998,4,209.6,177,284,249,2014,2010s,Porsche,1.345381526,208.119403
Bentley Continental GTC 6.0 W12 Cabrio - [2005],552,6100,479,4.7,5998,4,209.6,176,283,243.6,2014,2010s,Porsche,1.375205255,203.6059701
Ferrari SA Aperta Pininfarina 6.0 V12 - [2011],670,8250,457,3.2,5999,4,121.8,157,252,232.8,2005,2000s,Mitsubishi,1.400343643,217.803681
Ferrari 599 GTO - [2010],661,8250,457,3.3,5999,4,149.9,155,249,215.9,2008,2000s,Subaru,1.50532654,230.5147692
Ferrari 599 GTB Fiorano - [2006],611,7600,448,3.5,5999,4,304.3,163,262,301.8,1993,1990s,TVR,1.060304838,301.8
McLaren F1 6.0 V12 - [1994],627,7400,480,3.2,6064,5,304.3,167,268,301.8,1993,1990s,TVR,1.060304838,301.8
Hennessey Venom GT - [2010],1030,6500,972,2.5,6162,5,304.9,167,268,301.8,2001,2000s,TVR,1.060304838,301.8
Chevrolet Corvette C6 ZR1 - [2007],638,6500,604,3.4,6162,5,219.9,175,281,289,2004,2000s,TVR,1.100346021,263.5534591
Chevrolet Corvette C6 ZR1 6.2 V8 - [2009],638,6500,606,3.8,6162,5,121.6,155,249,214.2,2010,2010s,Subaru,1.470588235,216.24
Chevrolet Camaro ZL1 6.2L V8 - [2011],580,6100,556,4,6162,5,121.6,155,249,214.2,2011,2010s,Subaru,1.470588235,216.24
Vauxhall-Opel VXR8 GTS 6.2 V8 - [2013],576,6150,550,4.1,6162,5,121.9,155,249,570.6,2013,2010s,Caterham,0.545040308,401.8051447
Cadillac CTS -V 6.2 V8 Auto - [2009],556,6100,551,4.1,6162,5,158.3,155,249,316.3,2001,2000s,Noble,0.9800822,326.5032258
Chevrolet Corvette 6.2 V8 2d - [2007],436,5900,428,4,6162,5,182.4,175,281,219.7,1993,1990s,Porsche,1.370050068,269.3332226
Pontiac G8 GXP 6.2 V8 - [2008],402,6000,402,4.7,6162,5,121.9,121,194,545.4,1999,1990s,Ariel,0.550055006,294.516
Lamborghini Murcielago 6.2 V12 - [2001],571,7500,479,3.6,6192,5,206.6,173,278,224.2,1997,1990s,Porsche,1.320249777,195.4175676
Mercedes SLS AMG Black Series 6.2 V8 - [2012],622,7400,468,3.6,6208,5,121,155,249,198.6,2012,2010s,Audi,1.490433031,187.8648649
Mercedes SLS AMG GT 6.2 V8 - [2012],583,6800,479,3.7,6208,5,121.6,135,217,232.2,2000,2000s,Subaru,1.270456503,204.6508475
Mercedes SLS AMG Roadster GT - [2012],583,6800,479,3.7,6208,5,121,144,231,373.4,2011,2010s,KTM,0.790037493,373.4
Mercedes SLS 6.2 V8 AMG Coupe DCT-7 - [2009],563,6800,479,3.9,6208,5,121,144,231,373.4,2013,2010s,KTM,0.790037493,373.4
Mercedes S Class 63 AMG - [2006],518,6800,465,4.5,6208,5,193.9,165,265,228.3,2002,2000s,Honda,1.270258432,176.342069
Mercedes SL Class 63 AMG V8 R230 - [2008],518,6800,465,4.5,6208,5,121,144,231,331.7,2013,2010s,KTM,0.84715104,365.9323843
Mercedes S Class 63 L AMG - [2009],518,6800,465,4.5,6208,5,261.1,167,268,267.9,1992,1990s,TVR,1.045166107,291.8196429
Mercedes C Class 63 AMG Coupe Black Series - [2011],510,6800,457,4.2,6208,5,137.9,170,273,518.5,2011,2010s,BAC,0.540019286,383.3196429
Mercedes CLS Class 63 AMG - [2006],507,6100,465,4.4,6208,5,121.8,150,241,202.1,2000,2000s,Mitsubishi,1.365660564,201.3677536
Mercedes CLK 63 AMG Black Series - [2007],500,6800,465,4.1,6208,5,121.8,150,241,202.1,2000,2000s,Mitsubishi,1.365660564,201.3677536
Mercedes C Class 63 AMG Edition 507 - [2013],500,6800,450,4.2,6208,5,156.7,156,251,179.2,1999,1990s,Nissan,1.540178571,187.6405797
Mercedes C Class 63 AMG Edition 507 Estate - [2013],500,6800,450,4.3,6208,5,121.6,150,241,213.1,2000,2000s,Subaru,1.295166588,200.7463768
Mercedes C Class 63 AMG Edition 507 Coupe - [2013],500,6800,450,4.2,6208,5,121.6,135,217,220.8,1996,1990s,Subaru,1.25,193.6
Mercedes CLK 63 AMG - [2006],474,6800,465,4.5,6208,5,121.6,135,217,231.9,1996,1990s,Subaru,1.190168176,203.3326087
Mercedes C Class 63 AMG - [2007],451,6800,443,4.4,6208,5,121.6,135,217,231.9,1997,1990s,Subaru,1.190168176,218.4565217
SSC Aero SC 8T 6.3L - [2005],908,6600,771,2.9,6257,5,121.6,135,217,231.9,1996,1990s,Subaru,1.190168176,212.575
Ferrari LaFerrari 6.3L V12 - [2013],789,9000,516,3,6262,5,121.6,135,217,231.9,1997,1990s,Subaru,1.190168176,218.4565217
Ferrari F12 Berlinetta 6.3L V12 - [2012],730,8500,509,3,6262,5,121.6,135,217,231.9,1997,1990s,Subaru,1.190168176,212.575
Ferrari FF 6.3L V12 - [2011],650,8000,504,3.5,6262,5,121.6,135,217,231.9,1997,1990s,Subaru,1.190168176,212.575
Audi A8 6.3 W12 L - [2012],500,6200,461,4.4,6299,5,121.6,135,217,231.9,1998,1990s,Subaru,1.190168176,218.4565217
SSC Ultimate Aero TT - [2008],1183,6950,1094,2.8,6348,5,121.6,135,217,231.9,1998,1990s,Subaru,1.190168176,218.4565217
Dodge Challenger SRT-8 6.4 V8 392 - [2010],470,6000,470,4.2,6410,5,121.6,135,217,231.9,1998,1990s,Subaru,1.190168176,218.4565217
Lamborghini Reventon Roadster 6.5L V12 - [2009],661,8000,487,3.3,6496,5,121.6,135,217,231.9,1999,1990s,Subaru,1.190168176,210.0543478
Lamborghini Reventon 6.5 V12 - [2007],641,8000,487,3.4,6496,5,121.6,135,217,231.9,1999,1990s,Subaru,1.190168176,210.0543478
Lamborghini Murcielago LP640 6.5 V12 - [2006],631,8000,487,3.5,6496,5,121.6,135,217,231.9,1999,1990s,Subaru,1.190168176,210.0543478
Lamborghini Veneno 6.5 V12 - [2013],740,8400,509,2.8,6498,5,159.6,160,257,219,2002,2000s,Mazda,1.260273973,184.0869565
Lamborghini Veneno Roadster 6.5 V12 - [2013],740,8400,509,2.9,6498,5,121.8,147,236,202.9,1998,1990s,Mitsubishi,1.360275998,202.1648551
Lamborghini Aventador LP720-4 50th Anniversario - [2013],710,8250,509,3,6498,5,121.8,147,236,219,1996,1990s,Mitsubishi,1.260273973,206.3043478
Lamborghini Aventador LP700-4 - [2011],690,8250,509,2.9,6498,5,121.9,150,241,490.9,2012,2010s,Ariel,0.550010185,341.8118519
Lamborghini Aventador LP700-4 Roadster - [2013],690,8250,509,3,6498,5,121.8,147,236,211.1,1995,1990s,Mitsubishi,1.260066319,180.9428571
Rolls-Royce Wraith 6.6L V12 - [2013],623,5600,590,4.4,6592,5,121.9,150,241,519.7,2009,2000s,Caterham,0.506061189,349.760076
Rolls-Royce Ghost 6.6L V12 - [2009],563,5250,575,4.7,6592,5,137.9,155,249,452.1,2005,2000s,Caterham,0.575094006,347.7692308
Mercedes CLK GTR 6.9 V12 - [1998],612,6800,568,3.7,6898,5,121.6,135,217,218.8,1994,1990s,Subaru,1.170018282,194.86875
Monteverdi Hai 450 GTS - [1973],390,5000,432,4.5,6974,5,91.5,147,236,541.9,2001,2000s,Radical,0.465030448,339.7626984
Monteverdi Hai 450 SS - [1970],390,5000,432,4.5,6974,5,109.5,156,251,338.2,2007,2000s,Lotus,0.74512123,238.8873016
Saleen S7 7.0 V8 - [2000],550,5900,525,3.3,6998,5,121.9,148,238,454.5,2004,2000s,Westfield,0.550055006,349.056
AC Cobra 427 - [1966],410,6000,482,4.2,7000,5,210,162,260,289.3,1954,1950s,Jaguar,0.864154857,280.0424
Chevrolet Corvette Z06 - [2006],505,6300,470,3.7,7011,5,121.9,146,234,463.8,1992,1990s,Caterham,0.539025442,345.0672
Pagani Zonda Cinque 7.3L - [2008],678,6400,575,3.3,7291,5,121.6,135,217,200.8,1994,1990s,Subaru,1.230079681,185.3538462
Pagani Zonda F - [2005],594,6150,575,3.6,7291,5,121.6,135,217,192.9,1994,1990s,Subaru,1.280456195,178.0615385
Pagani Zonda Roadster - [2003],555,5900,553,3.8,7291,5,109.5,155,249,261.2,2005,2000s,Lotus,0.930321593,187.0320988
Pagani Zonda C12 S 7.3 - [2002],547,5900,553,3.7,7291,5,106.3,155,249,268.1,2013,2010s,Alfa-Romeo,0.895188363,288.2075
Aston-Martin One77 7.3L V12 - [2011],750,7800,553,3.6,7312,5,121.9,140,225,451.4,2013,2010s,Caterham,0.52503323,289.5054852
Iso Grifo Can-Am 7.4 V8 - [1970],390,4800,500,4.7,7443,5,109.5,145,233,511.1,2000,2000s,Caterham,0.450009783,344.4369565
TVR Speed 12 7.7L V12 - [1997],800,8250,650,2.9,7730,5,91.4,155,249,153,2013,2010s,BMW,1.490196078,158.3684211
TVR Cerbera Speed 12 - [2000],880,7250,650,2.8,7731,5,109.5,148,238,233.1,2006,2000s,Lotus,0.935220935,170.0133028
Dodge Viper GTS - [1996],450,5200,490,4,7986,5,109.5,148,238,240.3,2007,2000s,Lotus,0.903037869,172.7502304
Bugatti Veyron 16.4 Grand Sport Vitesse - [2012],1184,6400,1106,2.5,7993,5,121.9,140,225,400,2006,2000s,Caterham,0.525,289.5238095
Bugatti Veyron 8.0 litre W16 - [2005],1001,6000,922,2.7,7993,5,109.5,140,225,408.1,2003,2000s,Caterham,0.490075962,316.2775
Dodge Viper SRT/10 8.0L V10 - [1992],400,4600,450,4.6,7997,5,109.5,126,202,288.7,2000,2000s,Lotus,0.658122619,221.8431579
Dodge Viper SRT-10 8.3 V10 - [2005],500,5600,525,4,8285,5,109.5,135,217,267.6,2003,2000s,Lotus,0.710014948,180.2778947
Dodge Viper SRT-10 8.3 V10 - [2003],500,5600,525,4,8285,5,109.5,130,209,320,2003,2000s,Caterham,0.5,260
Dodge Viper SRT10 ACR - [2007],600,6100,560,3.8,8382,5,120.5,115,185,219,2011,2010s,Morgan,0.525114155,196.1478261
